AppName,TCID,STATUS,EXEDATE,RCA  
Facebook,79,Fail,07.30.19,Req
TechCrunch,185,Fail,05.26.19,Data
Guardian,169,Fail,07.06.19,Code
Zomato,156,Fail,06.20.19,Req
Zomato,7,Pass,05.01.19,
Zomato,131,Fail,06.10.19,Code
Netflix,102,Pass,05.20.19,
Netflix,7,Fail,07.21.19,Req
Instagram,3,Fail,08.27.19,Env
Uber,125,Pass,09.12.19,
Facebook,8,Fail,07.29.19,Req
Hotstar,167,Pass,08.23.19,
Uber,85,Pass,08.13.19,
Netflix,99,Pass,08.21.19,
Hotstar,82,Fail,06.30.19,Data
ACM,158,Fail,07.24.19,Data
TechCrunch,77,Fail,09.19.19,Data
TechCrunch,35,Fail,06.16.19,Env
Uber,8,Fail,04.26.19,Req
Facebook,5,Fail,08.13.19,Req
Netflix,198,Pass,09.04.19,
UberEats,120,Fail,06.27.19,Req
Netflix,191,Pass,09.20.19,
UberEats,79,Pass,04.19.19,
Instagram,52,Fail,07.06.19,Data
Facebook,129,Fail,06.22.19,Code
Uber,88,Pass,04.19.19,
Guardian,141,Fail,09.12.19,Data
Netflix,150,Pass,04.11.19,
Netflix,117,Pass,04.02.19,
Zomato,84,Fail,04.08.19,Code
Hotstar,69,Fail,05.24.19,Env
Instagram,139,Pass,08.03.19,
UberEats,157,Pass,07.11.19,
Zomato,28,Pass,08.31.19,
Instagram,144,Pass,04.22.19,
Guardian,9,Pass,09.12.19,
Hotstar,171,Fail,07.03.19,Code
Guardian,133,Fail,09.30.19,Data
Uber,91,Pass,07.26.19,
ACM,40,Fail,09.24.19,Env
Netflix,96,Fail,09.29.19,Data
Instagram,161,Fail,05.28.19,Env
Guardian,191,Pass,09.28.19,
TechCrunch,62,Fail,08.11.19,Code
Facebook,166,Pass,05.31.19,
TechCrunch,156,Pass,04.01.19,
UberEats,95,Fail,07.25.19,Code
Hotstar,101,Pass,04.05.19,
Uber,118,Pass,06.18.19,
ACM,73,Fail,04.17.19,Data
Facebook,85,Pass,05.01.19,
Hotstar,183,Pass,08.20.19,
Instagram,101,Pass,08.09.19,
Instagram,185,Pass,06.29.19,
UberEats,23,Fail,05.16.19,Code
Netflix,150,Pass,05.29.19,
Guardian,154,Fail,09.11.19,Env
Instagram,12,Fail,04.08.19,Env
Netflix,81,Fail,06.16.19,Code
Facebook,32,Pass,06.14.19,
UberEats,95,Pass,09.28.19,
Netflix,139,Pass,09.01.19,
Zomato,91,Pass,07.05.19,
Netflix,195,Pass,05.10.19,
Instagram,8,Pass,06.06.19,
Facebook,131,Fail,07.25.19,Data
Uber,196,Pass,09.03.19,
Facebook,49,Pass,07.02.19,
Hotstar,125,Pass,09.22.19,
TechCrunch,91,Fail,05.27.19,Data
Facebook,144,Pass,07.03.19,
Netflix,158,Pass,08.01.19,
Instagram,47,Fail,06.21.19,Data
UberEats,199,Fail,08.05.19,Req
Zomato,93,Pass,04.29.19,
ACM,147,Pass,04.18.19,
Netflix,55,Pass,04.12.19,
UberEats,169,Fail,08.29.19,Data
UberEats,190,Fail,04.03.19,Req
Facebook,148,Pass,08.26.19,
Zomato,87,Fail,06.14.19,Req
Facebook,180,Pass,04.18.19,
Hotstar,193,Fail,05.07.19,Data
ACM,36,Pass,07.21.19,
ACM,198,Pass,09.01.19,
Hotstar,10,Pass,05.17.19,
ACM,148,Fail,08.24.19,Req
Hotstar,68,Pass,07.13.19,
Netflix,56,Fail,08.10.19,Data
Zomato,176,Fail,09.26.19,Req
TechCrunch,91,Fail,04.25.19,Code
ACM,48,Pass,04.24.19,
Facebook,106,Fail,08.15.19,Data
Hotstar,153,Fail,07.30.19,Req
Zomato,144,Fail,07.11.19,Data
UberEats,166,Fail,07.06.19,Data
Guardian,117,Fail,09.05.19,Code
Facebook,192,Fail,05.22.19,Code
UberEats,65,Pass,04.19.19,
Instagram,102,Fail,07.03.19,Env
Instagram,79,Pass,06.18.19,
UberEats,129,Pass,07.08.19,
TechCrunch,94,Fail,08.16.19,Req
Hotstar,104,Fail,08.08.19,Data
Hotstar,160,Pass,04.04.19,
ACM,31,Pass,09.29.19,
Guardian,49,Pass,09.21.19,
Netflix,159,Pass,08.21.19,
ACM,78,Pass,05.22.19,
Instagram,30,Fail,08.30.19,Data
Instagram,14,Pass,06.22.19,
Netflix,133,Fail,05.18.19,Code
Facebook,128,Pass,05.16.19,
ACM,95,Pass,05.10.19,
UberEats,168,Pass,08.24.19,
UberEats,55,Fail,08.15.19,Code
UberEats,68,Pass,06.16.19,
Uber,5,Fail,04.04.19,Env
TechCrunch,62,Fail,06.16.19,Data
Uber,179,Fail,06.28.19,Data
ACM,142,Fail,08.18.19,Env
Guardian,19,Fail,06.08.19,Env
ACM,150,Fail,06.02.19,Code
Zomato,104,Fail,08.08.19,Code
Guardian,87,Pass,09.15.19,
Instagram,3,Pass,07.27.19,
Netflix,40,Pass,05.13.19,
ACM,180,Pass,06.27.19,
Facebook,37,Fail,05.16.19,Data
Facebook,62,Pass,07.17.19,
Instagram,72,Fail,04.30.19,Req
TechCrunch,4,Fail,07.28.19,Env
UberEats,47,Pass,07.14.19,
Guardian,137,Pass,08.04.19,
Netflix,49,Fail,04.02.19,Env
Hotstar,38,Fail,07.18.19,Req
Uber,32,Fail,04.06.19,Code
TechCrunch,147,Fail,05.04.19,Data
Hotstar,41,Fail,06.13.19,Code
ACM,150,Pass,06.14.19,
TechCrunch,194,Fail,07.18.19,Req
Zomato,117,Fail,05.05.19,Code
Hotstar,67,Pass,08.25.19,
Guardian,157,Pass,04.03.19,
TechCrunch,97,Fail,06.04.19,Code
ACM,132,Fail,06.17.19,Env
Guardian,158,Pass,07.31.19,
Hotstar,31,Pass,04.14.19,
Facebook,68,Fail,07.27.19,Env
Guardian,58,Pass,05.20.19,
Guardian,99,Fail,05.16.19,Data
UberEats,101,Pass,05.06.19,
Zomato,199,Pass,08.11.19,
ACM,16,Pass,08.05.19,
Instagram,45,Fail,05.17.19,Req
UberEats,143,Pass,04.27.19,
ACM,172,Fail,04.26.19,Data
Facebook,166,Fail,06.08.19,Req
Guardian,1,Pass,09.08.19,
Guardian,111,Pass,05.07.19,
Hotstar,161,Pass,09.09.19,
Guardian,42,Fail,08.15.19,Env
Guardian,189,Pass,07.09.19,
Facebook,52,Pass,08.11.19,
Instagram,87,Fail,06.21.19,Env
Zomato,185,Fail,05.01.19,Code
Zomato,73,Fail,09.28.19,Code
TechCrunch,167,Pass,08.14.19,
Instagram,168,Fail,04.06.19,Req
Netflix,183,Fail,09.15.19,Env
Zomato,22,Pass,06.29.19,
Hotstar,105,Fail,09.10.19,Req
UberEats,97,Pass,09.27.19,
TechCrunch,101,Fail,08.08.19,Req
Uber,132,Pass,09.12.19,
Netflix,74,Pass,06.01.19,
Netflix,139,Fail,09.22.19,Code
Instagram,114,Fail,07.04.19,Code
Instagram,81,Fail,07.22.19,Env
UberEats,65,Fail,05.21.19,Data
ACM,197,Pass,04.16.19,
TechCrunch,44,Fail,08.15.19,Code
ACM,116,Pass,05.11.19,
UberEats,96,Pass,05.13.19,
Uber,159,Pass,05.05.19,
UberEats,150,Pass,05.01.19,
Guardian,62,Pass,05.23.19,
ACM,151,Pass,09.23.19,
Instagram,81,Fail,08.12.19,Req
Zomato,116,Fail,07.22.19,Env
TechCrunch,69,Fail,09.23.19,Env
Uber,174,Fail,08.28.19,Req
Netflix,23,Fail,07.23.19,Code
Uber,39,Pass,07.13.19,
Facebook,40,Fail,09.22.19,Req
Uber,72,Fail,07.04.19,Data
Zomato,155,Fail,05.04.19,Env
Zomato,176,Pass,08.02.19,
Netflix,175,Fail,04.30.19,Code
Zomato,57,Pass,06.02.19,
Hotstar,198,Fail,09.06.19,Env
Uber,187,Pass,08.30.19,
Facebook,20,Fail,08.21.19,Data
Facebook,19,Pass,04.05.19,
Instagram,68,Fail,09.18.19,Env
Guardian,164,Fail,06.30.19,Code
Netflix,10,Pass,08.01.19,
Zomato,16,Pass,07.20.19,
Netflix,191,Pass,08.05.19,
Netflix,96,Pass,04.15.19,
Zomato,169,Pass,06.21.19,
Zomato,73,Pass,06.26.19,
Netflix,125,Fail,05.31.19,Env
Instagram,156,Fail,08.04.19,Code
UberEats,154,Pass,05.05.19,
Guardian,173,Fail,04.02.19,Code
UberEats,92,Fail,07.08.19,Data
Hotstar,57,Fail,07.24.19,Data
Hotstar,17,Pass,07.11.19,
Facebook,152,Fail,04.16.19,Req
Instagram,200,Fail,05.21.19,Data
Netflix,5,Pass,07.27.19,
Hotstar,11,Fail,08.15.19,Data
Guardian,90,Fail,07.07.19,Env
Uber,76,Fail,04.29.19,Env
Guardian,90,Pass,04.19.19,
Facebook,10,Fail,09.13.19,Data
UberEats,4,Fail,08.09.19,Env
Netflix,9,Pass,04.04.19,
ACM,144,Pass,08.23.19,
Netflix,106,Pass,07.08.19,
Facebook,46,Fail,04.29.19,Code
Facebook,28,Fail,09.11.19,Env
Hotstar,124,Pass,04.22.19,
UberEats,160,Fail,07.29.19,Req
Guardian,34,Pass,07.29.19,
Instagram,107,Pass,04.29.19,
Netflix,173,Fail,04.08.19,Env
Zomato,80,Fail,04.18.19,Req
Netflix,182,Fail,04.10.19,Code
ACM,35,Fail,05.31.19,Env
ACM,89,Fail,08.29.19,Data
ACM,51,Fail,08.08.19,Data
Uber,164,Fail,05.07.19,Env
TechCrunch,127,Fail,05.22.19,Code
Facebook,60,Pass,08.26.19,
ACM,25,Pass,09.27.19,
Zomato,146,Pass,08.21.19,
Guardian,122,Fail,05.30.19,Env
Hotstar,37,Fail,07.05.19,Data
UberEats,95,Fail,05.16.19,Req
Guardian,25,Fail,08.31.19,Data
UberEats,77,Pass,07.01.19,
ACM,175,Pass,05.19.19,
Facebook,119,Fail,04.21.19,Env
Zomato,89,Pass,05.25.19,
Hotstar,27,Pass,07.31.19,
Netflix,1,Pass,04.03.19,
Instagram,54,Fail,07.14.19,Data
TechCrunch,6,Fail,08.24.19,Data
Netflix,49,Pass,04.12.19,
Guardian,132,Pass,05.29.19,
Instagram,84,Pass,04.07.19,
Zomato,38,Fail,07.26.19,Data
TechCrunch,91,Pass,06.20.19,
Uber,88,Pass,05.23.19,
Hotstar,101,Pass,04.14.19,
UberEats,46,Pass,08.31.19,
Uber,14,Pass,06.07.19,
Hotstar,130,Fail,04.01.19,Env
Uber,153,Pass,09.07.19,
TechCrunch,82,Fail,07.24.19,Env
UberEats,166,Pass,04.25.19,
Facebook,83,Fail,07.05.19,Req
Facebook,151,Fail,09.05.19,Data
Zomato,167,Fail,08.31.19,Code
UberEats,39,Pass,05.12.19,
Guardian,110,Fail,04.30.19,Code
Instagram,195,Pass,05.14.19,
Uber,124,Pass,07.30.19,
Instagram,52,Pass,07.09.19,
TechCrunch,90,Fail,09.24.19,Env
Guardian,168,Fail,06.23.19,Env
UberEats,79,Pass,07.03.19,
Guardian,21,Pass,08.22.19,
TechCrunch,19,Pass,07.25.19,
Zomato,154,Fail,04.26.19,Data
Hotstar,128,Pass,05.15.19,
TechCrunch,141,Pass,04.16.19,
Hotstar,150,Pass,04.27.19,
Hotstar,106,Fail,06.16.19,Req
UberEats,178,Fail,08.30.19,Env
Instagram,120,Fail,08.17.19,Env
Instagram,137,Pass,09.18.19,
Facebook,171,Fail,09.23.19,Req
TechCrunch,58,Fail,08.23.19,Code
Hotstar,24,Fail,09.04.19,Req
UberEats,193,Fail,05.03.19,Code
Uber,85,Fail,08.25.19,Req
UberEats,111,Pass,05.03.19,
Uber,168,Pass,06.26.19,
Netflix,96,Fail,05.29.19,Req
UberEats,74,Pass,09.06.19,
Uber,189,Pass,07.30.19,
TechCrunch,45,Pass,05.10.19,
TechCrunch,158,Fail,07.02.19,Req
Netflix,147,Fail,09.28.19,Data
Netflix,180,Fail,04.19.19,Env
Zomato,139,Pass,09.11.19,
TechCrunch,11,Pass,06.04.19,
Facebook,148,Pass,06.21.19,
UberEats,100,Pass,04.08.19,
Guardian,127,Fail,05.24.19,Data
Guardian,4,Fail,04.14.19,Data
Instagram,51,Fail,04.21.19,Code
ACM,173,Fail,04.23.19,Req
Netflix,174,Fail,08.07.19,Data
UberEats,94,Fail,09.16.19,Data
TechCrunch,104,Fail,07.03.19,Code
Zomato,54,Pass,06.22.19,
Instagram,134,Pass,06.06.19,
Hotstar,51,Fail,07.03.19,Data
ACM,168,Fail,06.01.19,Code
UberEats,38,Pass,09.18.19,
Uber,83,Fail,06.11.19,Env
ACM,187,Fail,09.17.19,Env
Zomato,11,Pass,09.09.19,
Zomato,189,Pass,06.04.19,
Hotstar,102,Fail,06.01.19,Code
Netflix,194,Pass,09.15.19,
Instagram,91,Pass,07.27.19,
UberEats,190,Pass,06.13.19,
ACM,2,Pass,07.21.19,
Instagram,146,Pass,09.07.19,
Facebook,127,Pass,09.28.19,
Zomato,199,Fail,06.07.19,Req
Guardian,5,Pass,09.14.19,
Instagram,30,Fail,06.13.19,Code
ACM,43,Pass,05.30.19,
UberEats,119,Pass,08.26.19,
Netflix,136,Fail,07.06.19,Data
Guardian,145,Pass,08.10.19,
Zomato,42,Fail,07.03.19,Data
Netflix,158,Pass,09.12.19,
ACM,54,Fail,08.10.19,Env
Facebook,61,Pass,09.11.19,
UberEats,196,Fail,08.31.19,Req
Netflix,161,Pass,09.19.19,
Facebook,32,Pass,06.06.19,
TechCrunch,189,Pass,09.10.19,
Netflix,134,Pass,04.12.19,
TechCrunch,144,Pass,06.21.19,
Hotstar,101,Fail,04.19.19,Code
Hotstar,184,Pass,07.21.19,
ACM,132,Pass,05.13.19,
ACM,143,Fail,05.26.19,Data
UberEats,173,Pass,04.16.19,
Guardian,25,Pass,05.17.19,
Hotstar,23,Fail,08.28.19,Code
Guardian,23,Pass,08.26.19,
Guardian,78,Fail,08.09.19,Env
Instagram,73,Fail,05.29.19,Code
Instagram,6,Pass,09.09.19,
Zomato,145,Fail,05.25.19,Data
Guardian,171,Fail,06.21.19,Req
Zomato,136,Fail,05.02.19,Data
Uber,17,Fail,05.29.19,Env
ACM,122,Fail,04.15.19,Env
Instagram,161,Fail,08.22.19,Env
Guardian,152,Pass,05.02.19,
Instagram,95,Fail,08.20.19,Env
Zomato,90,Fail,06.20.19,Data
Facebook,167,Fail,05.20.19,Req
ACM,20,Pass,08.21.19,
UberEats,135,Pass,07.21.19,
Hotstar,118,Fail,06.01.19,Req
Uber,121,Pass,07.19.19,
Instagram,1,Pass,08.18.19,
Guardian,189,Pass,05.29.19,
Facebook,29,Pass,07.31.19,
TechCrunch,57,Fail,09.17.19,Env
TechCrunch,188,Pass,04.27.19,
Zomato,145,Pass,04.02.19,
UberEats,61,Pass,05.06.19,
Uber,82,Pass,09.25.19,
TechCrunch,49,Fail,05.28.19,Req
Instagram,153,Pass,05.16.19,
Netflix,92,Fail,07.11.19,Env
Instagram,184,Fail,09.25.19,Data
ACM,91,Pass,08.01.19,
UberEats,106,Pass,06.25.19,
Netflix,26,Pass,07.25.19,
Guardian,107,Fail,05.16.19,Env
Facebook,106,Fail,08.04.19,Req
Zomato,190,Fail,08.29.19,Code
TechCrunch,37,Fail,06.08.19,Req
Hotstar,103,Pass,06.05.19,
Netflix,7,Fail,04.10.19,Req
Guardian,189,Pass,09.17.19,
TechCrunch,168,Fail,07.12.19,Data
Facebook,169,Fail,04.21.19,Req
Facebook,199,Pass,07.21.19,
ACM,145,Pass,06.30.19,
Zomato,120,Fail,08.19.19,Data
ACM,110,Fail,06.03.19,Code
Instagram,133,Pass,09.27.19,
Guardian,119,Fail,09.04.19,Req
Guardian,22,Pass,05.07.19,
Instagram,116,Pass,05.01.19,
Instagram,184,Pass,09.05.19,
Zomato,20,Fail,08.27.19,Req
Uber,91,Fail,05.18.19,Code
Uber,64,Pass,07.10.19,
Zomato,146,Fail,07.31.19,Env
TechCrunch,168,Pass,08.24.19,
ACM,56,Fail,08.18.19,Code
TechCrunch,174,Fail,09.06.19,Env
ACM,198,Pass,09.06.19,
ACM,60,Pass,04.04.19,
Netflix,73,Fail,06.01.19,Data
Facebook,191,Pass,08.26.19,
Facebook,78,Fail,06.23.19,Env
Hotstar,177,Fail,05.21.19,Data
TechCrunch,161,Pass,04.30.19,
Netflix,72,Fail,06.15.19,Data
TechCrunch,53,Fail,07.02.19,Req
ACM,55,Pass,09.04.19,
ACM,120,Fail,06.01.19,Env
Guardian,172,Pass,06.19.19,
Zomato,192,Pass,09.13.19,
UberEats,99,Fail,05.07.19,Env
ACM,57,Fail,09.26.19,Env
UberEats,33,Fail,05.25.19,Req
TechCrunch,127,Pass,09.20.19,
Uber,188,Fail,05.15.19,Req
Guardian,80,Pass,08.17.19,
Uber,158,Fail,07.04.19,Env
Facebook,148,Fail,08.05.19,Data
TechCrunch,85,Fail,09.20.19,Code
TechCrunch,89,Fail,07.09.19,Env
Netflix,164,Fail,04.11.19,Req
Netflix,158,Fail,05.15.19,Env
TechCrunch,20,Fail,05.28.19,Env
ACM,198,Fail,08.25.19,Env
ACM,30,Pass,07.27.19,
ACM,65,Pass,04.03.19,
Hotstar,177,Pass,08.26.19,
Guardian,99,Fail,05.18.19,Code
ACM,2,Pass,06.23.19,
Guardian,186,Fail,06.11.19,Env
Netflix,35,Fail,06.27.19,Code
Uber,65,Pass,04.24.19,
Hotstar,146,Fail,04.04.19,Code
Guardian,28,Fail,08.25.19,Req
Uber,114,Fail,04.21.19,Env
UberEats,65,Pass,04.07.19,
Guardian,30,Fail,04.06.19,Env
Uber,147,Pass,06.10.19,
Netflix,23,Fail,08.15.19,Data
TechCrunch,159,Fail,05.23.19,Env
Zomato,89,Fail,09.05.19,Env
Guardian,11,Fail,06.15.19,Env
Hotstar,176,Fail,04.03.19,Env
UberEats,37,Pass,08.14.19,
Hotstar,15,Pass,05.24.19,
Facebook,184,Pass,09.16.19,
Netflix,28,Fail,04.30.19,Code
Instagram,178,Fail,05.28.19,Code
Instagram,109,Fail,09.10.19,Data
UberEats,92,Pass,06.15.19,
Uber,159,Fail,09.06.19,Code
Guardian,104,Pass,09.07.19,
Instagram,63,Pass,07.13.19,
Instagram,77,Pass,04.06.19,
Facebook,122,Fail,05.23.19,Code
Guardian,127,Fail,05.04.19,Env
UberEats,178,Pass,08.20.19,
Facebook,39,Pass,07.02.19,
TechCrunch,36,Pass,04.29.19,
ACM,10,Fail,07.06.19,Code
Netflix,181,Pass,08.03.19,
Instagram,124,Fail,09.03.19,Env
TechCrunch,25,Pass,08.24.19,
Uber,167,Fail,09.01.19,Env
Hotstar,178,Fail,05.17.19,Code
Guardian,78,Fail,04.09.19,Env
ACM,105,Fail,05.20.19,Code
Facebook,173,Fail,08.04.19,Code
TechCrunch,3,Pass,04.14.19,
Netflix,167,Pass,06.01.19,
Netflix,187,Pass,04.07.19,
Uber,182,Pass,06.01.19,
Guardian,22,Pass,09.16.19,
Facebook,16,Pass,08.13.19,
Netflix,51,Fail,09.25.19,Req
Uber,132,Pass,06.01.19,
Netflix,157,Fail,09.09.19,Env
Hotstar,16,Pass,09.30.19,
Facebook,192,Pass,09.10.19,
Guardian,53,Fail,06.11.19,Env
ACM,115,Fail,08.06.19,Code
ACM,56,Fail,04.16.19,Code
Instagram,157,Pass,04.03.19,
Uber,143,Fail,08.24.19,Env
Instagram,123,Pass,08.05.19,
Facebook,58,Fail,05.13.19,Req
Zomato,84,Fail,05.04.19,Data
Uber,2,Pass,06.03.19,
Uber,116,Pass,04.12.19,
ACM,33,Fail,08.12.19,Code
Hotstar,196,Pass,07.20.19,
TechCrunch,164,Pass,04.19.19,
Guardian,4,Pass,09.26.19,
Netflix,7,Pass,07.30.19,
Uber,96,Fail,07.27.19,Data
ACM,34,Fail,04.13.19,Env
Hotstar,56,Pass,05.11.19,
Instagram,87,Fail,09.21.19,Req
Facebook,163,Fail,04.08.19,Data
Guardian,154,Fail,05.17.19,Data
Instagram,24,Fail,07.26.19,Code
UberEats,113,Pass,07.15.19,
Hotstar,193,Fail,04.25.19,Data
Zomato,169,Pass,06.24.19,
Netflix,82,Fail,09.22.19,Data
UberEats,159,Fail,04.04.19,Req
Uber,88,Fail,05.01.19,Data
Netflix,71,Pass,09.27.19,
ACM,112,Pass,08.11.19,
Zomato,126,Fail,04.01.19,Env
Zomato,95,Fail,08.14.19,Code
ACM,170,Pass,06.07.19,
Guardian,80,Pass,08.02.19,
Hotstar,105,Pass,08.18.19,
UberEats,34,Pass,04.23.19,
UberEats,55,Pass,09.24.19,
ACM,27,Pass,09.09.19,
Facebook,46,Fail,09.22.19,Data
Instagram,25,Fail,07.02.19,Req
TechCrunch,72,Pass,07.31.19,
Facebook,124,Fail,05.29.19,Code
Hotstar,180,Fail,08.17.19,Req
UberEats,104,Pass,07.06.19,
Uber,44,Pass,09.05.19,
Netflix,196,Pass,07.31.19,
UberEats,2,Fail,07.04.19,Req
TechCrunch,177,Pass,06.21.19,
Uber,106,Pass,08.25.19,
ACM,57,Fail,07.27.19,Code
Netflix,9,Fail,09.03.19,Data
Zomato,193,Pass,04.11.19,
Uber,51,Fail,07.24.19,Req
Zomato,9,Fail,04.16.19,Env
Zomato,139,Pass,08.18.19,
Instagram,116,Fail,07.30.19,Req
Guardian,166,Pass,05.02.19,
Guardian,131,Fail,04.03.19,Code
Zomato,106,Fail,06.17.19,Data
Zomato,143,Pass,06.28.19,
TechCrunch,126,Fail,09.14.19,Code
Instagram,154,Fail,08.27.19,Req
UberEats,80,Fail,09.26.19,Code
Instagram,139,Pass,06.28.19,
ACM,168,Fail,04.09.19,Code
Zomato,161,Pass,05.24.19,
Instagram,19,Fail,07.20.19,Env
TechCrunch,148,Pass,08.16.19,
Facebook,79,Fail,05.28.19,Data
Hotstar,5,Pass,04.13.19,
Guardian,137,Fail,07.01.19,Req
Facebook,54,Fail,09.16.19,Data
ACM,48,Pass,09.04.19,
Hotstar,165,Fail,05.29.19,Env
Guardian,35,Pass,06.23.19,
Uber,80,Fail,07.24.19,Env
Guardian,39,Pass,05.24.19,
Instagram,17,Pass,09.03.19,
Uber,31,Fail,08.02.19,Req
UberEats,141,Fail,06.15.19,Env
UberEats,54,Pass,06.02.19,
Instagram,170,Fail,08.13.19,Env
UberEats,30,Pass,08.23.19,
TechCrunch,128,Fail,09.27.19,Req
Netflix,23,Fail,08.01.19,Data
Hotstar,68,Pass,04.06.19,
Hotstar,55,Fail,06.27.19,Code
Uber,159,Fail,08.05.19,Code
ACM,162,Pass,09.08.19,
Uber,133,Fail,04.11.19,Req
TechCrunch,21,Fail,08.03.19,Data
Netflix,68,Pass,08.22.19,
Hotstar,183,Fail,07.23.19,Data
Facebook,20,Pass,07.11.19,
ACM,140,Pass,05.09.19,
UberEats,52,Fail,07.04.19,Code
Facebook,132,Pass,09.30.19,
Zomato,25,Fail,09.18.19,Env
Instagram,7,Pass,05.21.19,
Guardian,90,Fail,05.18.19,Data
UberEats,141,Fail,09.22.19,Req
Instagram,13,Pass,04.14.19,
Facebook,133,Pass,09.12.19,
Hotstar,194,Fail,05.20.19,Data
Instagram,70,Fail,09.23.19,Env
Zomato,3,Pass,04.18.19,
Hotstar,42,Fail,06.04.19,Env
ACM,22,Pass,08.24.19,
Uber,48,Pass,06.09.19,
Guardian,53,Fail,08.06.19,Env
Hotstar,189,Fail,07.13.19,Req
ACM,167,Pass,05.04.19,
Netflix,125,Pass,08.13.19,
UberEats,154,Pass,08.22.19,
UberEats,176,Fail,07.11.19,Data
ACM,38,Pass,04.03.19,
Zomato,181,Fail,09.24.19,Env
Netflix,143,Pass,06.19.19,
Facebook,61,Fail,05.04.19,Data
TechCrunch,144,Pass,08.29.19,
UberEats,168,Fail,06.15.19,Req
Guardian,155,Pass,09.17.19,
Netflix,62,Fail,05.11.19,Code
ACM,17,Fail,04.18.19,Env
Facebook,31,Fail,06.27.19,Code
Guardian,108,Pass,05.10.19,
Facebook,106,Fail,08.16.19,Req
Facebook,124,Fail,06.08.19,Env
Instagram,70,Pass,07.27.19,
Guardian,49,Fail,08.30.19,Code
UberEats,109,Fail,08.04.19,Code
Facebook,8,Pass,07.08.19,
Netflix,105,Fail,08.18.19,Code
Instagram,195,Fail,07.18.19,Req
TechCrunch,161,Pass,09.21.19,
Zomato,192,Pass,05.31.19,
TechCrunch,66,Pass,09.19.19,
Guardian,199,Fail,07.22.19,Env
UberEats,154,Fail,04.04.19,Data
Uber,122,Fail,04.14.19,Env
Uber,9,Pass,05.03.19,
Facebook,35,Fail,07.30.19,Data
UberEats,192,Pass,09.01.19,
ACM,32,Fail,08.26.19,Code
Zomato,57,Pass,08.23.19,
Zomato,10,Pass,06.12.19,
ACM,47,Fail,09.22.19,Code
Uber,178,Fail,06.11.19,Req
TechCrunch,184,Pass,07.14.19,
Guardian,132,Pass,05.12.19,
Guardian,95,Fail,05.14.19,Data
Guardian,188,Fail,09.09.19,Env
UberEats,91,Pass,04.21.19,
Hotstar,192,Pass,09.28.19,
TechCrunch,168,Pass,08.18.19,
Netflix,183,Pass,05.29.19,
Zomato,55,Pass,05.17.19,
Guardian,84,Pass,07.21.19,
Guardian,98,Pass,04.01.19,
TechCrunch,168,Pass,06.18.19,
TechCrunch,4,Pass,06.05.19,
ACM,120,Pass,04.23.19,
Facebook,70,Pass,08.15.19,
Uber,103,Fail,09.29.19,Req
Uber,89,Fail,08.23.19,Env
Uber,41,Fail,09.20.19,Code
ACM,125,Pass,08.01.19,
Uber,194,Pass,06.20.19,
Netflix,21,Fail,07.29.19,Req
Facebook,33,Fail,04.25.19,Data
Instagram,195,Fail,06.21.19,Env
TechCrunch,78,Fail,09.06.19,Data
Hotstar,89,Pass,09.19.19,
Hotstar,179,Fail,06.17.19,Env
ACM,113,Fail,07.06.19,Code
UberEats,42,Pass,07.17.19,
UberEats,83,Fail,07.24.19,Data
Zomato,196,Pass,09.23.19,
Facebook,141,Pass,08.02.19,
Instagram,104,Pass,05.22.19,
UberEats,185,Fail,05.03.19,Data
Zomato,46,Pass,06.03.19,
Uber,109,Pass,05.31.19,
Zomato,85,Fail,05.20.19,Code
Netflix,174,Fail,09.19.19,Env
UberEats,182,Pass,08.29.19,
Netflix,165,Pass,06.22.19,
Netflix,95,Pass,05.25.19,
UberEats,194,Pass,06.08.19,
ACM,66,Pass,05.12.19,
TechCrunch,72,Fail,06.13.19,Env
Instagram,56,Pass,04.15.19,
Hotstar,61,Fail,05.11.19,Env
Uber,65,Fail,05.18.19,Code
UberEats,114,Pass,06.21.19,
UberEats,64,Pass,07.03.19,
Guardian,56,Fail,06.13.19,Env
Instagram,169,Fail,09.09.19,Data
Uber,52,Pass,08.17.19,
ACM,124,Fail,06.08.19,Req
Netflix,188,Pass,06.12.19,
UberEats,199,Pass,05.06.19,
Netflix,66,Fail,06.06.19,Code
Facebook,1,Fail,08.06.19,Code
Instagram,89,Pass,09.06.19,
Hotstar,61,Pass,08.07.19,
Hotstar,8,Fail,04.10.19,Env
Uber,62,Pass,09.29.19,
Hotstar,6,Pass,09.17.19,
Guardian,43,Fail,07.11.19,Data
Zomato,37,Fail,05.24.19,Env
UberEats,76,Fail,08.12.19,Req
Netflix,176,Fail,06.22.19,Env
Uber,21,Fail,04.10.19,Env
UberEats,200,Pass,04.09.19,
ACM,134,Pass,09.23.19,
Zomato,184,Fail,09.20.19,Code
Guardian,182,Pass,07.22.19,
Facebook,200,Pass,07.06.19,
Uber,185,Fail,09.21.19,Data
Zomato,8,Fail,05.19.19,Data
Hotstar,86,Pass,07.27.19,
Instagram,200,Fail,06.09.19,Env
Uber,78,Pass,07.23.19,
Guardian,1,Fail,04.04.19,Req
Hotstar,181,Fail,06.15.19,Req
Hotstar,110,Fail,04.01.19,Data
Uber,60,Fail,07.07.19,Req
Uber,192,Pass,04.30.19,
ACM,77,Fail,04.18.19,Req
Guardian,98,Pass,08.05.19,
UberEats,66,Fail,09.24.19,Req
Netflix,47,Fail,05.17.19,Code
Hotstar,52,Pass,09.05.19,
Zomato,62,Fail,04.06.19,Data
Guardian,6,Fail,08.08.19,Env
Uber,58,Pass,06.27.19,
Facebook,151,Pass,08.08.19,
UberEats,1,Pass,09.13.19,
Guardian,32,Fail,05.13.19,Code
Netflix,133,Fail,08.27.19,Req
Facebook,135,Fail,07.10.19,Data
ACM,77,Fail,08.02.19,Req
ACM,34,Pass,06.14.19,
Hotstar,46,Pass,06.12.19,
TechCrunch,132,Pass,08.05.19,
ACM,73,Fail,05.14.19,Data
UberEats,24,Pass,05.20.19,
Zomato,35,Fail,08.10.19,Env
Netflix,86,Fail,07.07.19,Env
UberEats,73,Pass,07.16.19,
Uber,89,Pass,09.10.19,
TechCrunch,60,Fail,04.30.19,Data
Facebook,42,Fail,07.06.19,Code
Guardian,159,Pass,04.19.19,
Hotstar,163,Pass,05.14.19,
Facebook,137,Fail,05.30.19,Code
Hotstar,14,Pass,09.18.19,
Netflix,43,Pass,04.08.19,
Hotstar,101,Fail,08.25.19,Req
Guardian,41,Fail,08.01.19,Code
Zomato,136,Pass,08.22.19,
Hotstar,117,Fail,08.21.19,Env
ACM,84,Fail,07.22.19,Data
Netflix,161,Pass,08.29.19,
Netflix,168,Fail,04.03.19,Code
Uber,94,Pass,07.07.19,
Netflix,30,Pass,05.27.19,
Hotstar,174,Pass,06.28.19,
Facebook,45,Fail,04.09.19,Env
Zomato,4,Fail,08.25.19,Code
Uber,63,Fail,06.14.19,Req
TechCrunch,29,Pass,08.25.19,
Guardian,51,Fail,05.13.19,Req
Facebook,156,Pass,09.14.19,
Uber,97,Pass,09.02.19,
Hotstar,56,Fail,09.19.19,Data
Guardian,139,Fail,08.22.19,Req
Uber,191,Fail,08.28.19,Data
TechCrunch,28,Pass,05.22.19,
Facebook,60,Pass,07.26.19,
Zomato,15,Pass,04.15.19,
UberEats,101,Fail,05.18.19,Code
Uber,160,Fail,06.02.19,Code
Hotstar,165,Fail,07.29.19,Env
Facebook,157,Fail,08.23.19,Code
Netflix,188,Pass,09.08.19,
Uber,74,Pass,04.24.19,
Guardian,53,Fail,04.17.19,Code
Facebook,27,Pass,06.23.19,
Netflix,28,Pass,09.21.19,
Facebook,10,Fail,05.29.19,Req
ACM,18,Pass,08.05.19,
ACM,140,Fail,07.07.19,Data
Zomato,10,Fail,08.10.19,Env
Uber,10,Pass,05.29.19,
UberEats,67,Pass,05.07.19,
Zomato,141,Pass,08.11.19,
ACM,34,Fail,04.20.19,Env
Hotstar,177,Fail,09.13.19,Req
Hotstar,93,Pass,04.30.19,
UberEats,105,Pass,05.15.19,
Facebook,16,Fail,07.12.19,Data
UberEats,103,Pass,08.27.19,
Zomato,161,Fail,05.06.19,Code
ACM,35,Pass,08.18.19,
Uber,69,Fail,09.24.19,Req
Guardian,161,Fail,06.17.19,Req
Zomato,193,Fail,08.17.19,Data
Netflix,2,Pass,09.27.19,
Uber,37,Fail,05.29.19,Env
Netflix,87,Fail,07.21.19,Data
Zomato,12,Fail,05.25.19,Req
Instagram,55,Fail,06.30.19,Data
Uber,156,Fail,08.01.19,Req
Zomato,79,Fail,06.16.19,Req
Instagram,55,Fail,09.09.19,Code
TechCrunch,43,Pass,04.14.19,
TechCrunch,200,Fail,07.16.19,Req
TechCrunch,17,Fail,04.20.19,Data
UberEats,80,Fail,06.04.19,Data
Facebook,24,Fail,04.18.19,Data
Hotstar,194,Fail,05.06.19,Data
ACM,53,Pass,04.30.19,
Guardian,111,Pass,05.26.19,
Zomato,163,Fail,04.28.19,Data
Facebook,81,Pass,08.27.19,
Facebook,157,Pass,09.25.19,
Guardian,31,Fail,05.05.19,Req
Facebook,179,Fail,05.20.19,Code
Guardian,64,Pass,09.26.19,
Zomato,129,Pass,07.09.19,
Facebook,152,Fail,08.28.19,Req
UberEats,80,Pass,05.13.19,
Netflix,19,Pass,07.12.19,
Facebook,76,Pass,07.05.19,
UberEats,140,Fail,07.04.19,Req
Netflix,99,Fail,07.19.19,Data
TechCrunch,140,Fail,05.03.19,Req
ACM,126,Fail,05.21.19,Data
Facebook,14,Pass,04.08.19,
ACM,111,Fail,05.04.19,Env
Guardian,12,Pass,04.25.19,
Zomato,21,Fail,07.29.19,Env
Guardian,67,Pass,04.13.19,
ACM,197,Fail,07.04.19,Env
TechCrunch,86,Pass,04.11.19,
ACM,19,Pass,08.12.19,
UberEats,100,Fail,09.25.19,Req
Uber,102,Pass,06.04.19,
Hotstar,113,Fail,05.11.19,Env
TechCrunch,111,Pass,04.09.19,
Zomato,88,Pass,07.18.19,
Instagram,85,Fail,09.09.19,Req
Hotstar,168,Fail,08.19.19,Code
Uber,70,Fail,04.02.19,Req
ACM,151,Fail,08.04.19,Env
Netflix,110,Fail,05.10.19,Env
Facebook,178,Pass,07.07.19,
Zomato,154,Pass,05.03.19,
UberEats,198,Pass,07.13.19,
Facebook,73,Fail,07.27.19,Data
Hotstar,148,Fail,04.12.19,Data
Facebook,186,Fail,09.17.19,Code
Uber,10,Fail,06.15.19,Code
Facebook,76,Pass,08.04.19,
Guardian,112,Pass,04.06.19,
Guardian,5,Fail,05.05.19,Data
Facebook,166,Fail,07.28.19,Env
Hotstar,131,Pass,05.27.19,
Zomato,149,Pass,09.30.19,
UberEats,141,Pass,08.10.19,
Guardian,45,Pass,05.03.19,
TechCrunch,55,Fail,09.06.19,Code
Hotstar,90,Fail,07.03.19,Env
Facebook,100,Fail,05.04.19,Data
Uber,117,Fail,06.11.19,Req
Instagram,101,Pass,05.27.19,
Facebook,4,Fail,06.29.19,Req
Facebook,51,Pass,04.15.19,
TechCrunch,100,Fail,08.07.19,Code
Guardian,39,Fail,09.26.19,Req
Uber,168,Fail,09.14.19,Code
UberEats,168,Fail,09.20.19,Code
ACM,129,Pass,09.22.19,
TechCrunch,114,Fail,05.12.19,Code
UberEats,130,Pass,04.13.19,
UberEats,81,Pass,06.28.19,
TechCrunch,172,Pass,06.23.19,
Instagram,165,Fail,04.06.19,Env
TechCrunch,66,Fail,06.21.19,Req
Zomato,142,Fail,04.06.19,Env
Guardian,21,Pass,09.16.19,
Uber,154,Pass,08.28.19,
Facebook,34,Pass,07.08.19,
Instagram,196,Pass,05.09.19,
ACM,154,Pass,06.27.19,
Facebook,7,Fail,04.04.19,Code
Instagram,105,Pass,06.15.19,
Guardian,155,Pass,08.18.19,
Instagram,73,Pass,08.15.19,
TechCrunch,113,Fail,05.25.19,Data
Uber,181,Pass,08.18.19,
TechCrunch,199,Pass,05.26.19,
Instagram,126,Fail,08.25.19,Env
Hotstar,72,Pass,07.01.19,
Facebook,182,Fail,06.06.19,Data
Instagram,120,Pass,04.07.19,
Uber,128,Fail,05.01.19,Data
ACM,130,Fail,07.22.19,Data
Uber,8,Pass,04.29.19,
Hotstar,64,Fail,09.13.19,Code
TechCrunch,132,Fail,04.06.19,Code
Uber,182,Fail,06.15.19,Data
Zomato,61,Fail,06.12.19,Req
Zomato,109,Fail,05.04.19,Code
ACM,165,Pass,09.11.19,
UberEats,174,Fail,04.04.19,Req
Instagram,22,Pass,05.18.19,
ACM,36,Pass,09.22.19,
Uber,71,Pass,07.23.19,
Facebook,144,Pass,09.01.19,
Instagram,94,Fail,07.23.19,Code
Guardian,6,Fail,07.03.19,Env
Hotstar,46,Pass,06.14.19,
UberEats,101,Pass,04.11.19,
Hotstar,147,Pass,04.20.19,
Guardian,8,Fail,08.02.19,Data
UberEats,164,Pass,04.05.19,
Hotstar,116,Pass,06.24.19,
Uber,64,Pass,06.20.19,
Facebook,131,Pass,05.27.19,
UberEats,181,Fail,08.11.19,Env
TechCrunch,127,Fail,07.02.19,Env
Instagram,53,Pass,06.23.19,
Uber,199,Fail,05.29.19,Env
TechCrunch,50,Pass,07.30.19,
Hotstar,7,Fail,08.24.19,Req
Uber,86,Fail,08.22.19,Req
Zomato,66,Fail,05.14.19,Data
Hotstar,90,Pass,09.03.19,
UberEats,59,Pass,07.29.19,
ACM,55,Fail,08.11.19,Data
Guardian,11,Fail,05.05.19,Env
Guardian,21,Fail,05.29.19,Data
Hotstar,102,Fail,05.23.19,Env
UberEats,58,Fail,06.15.19,Data
Uber,131,Pass,08.03.19,
Facebook,175,Pass,04.05.19,
Netflix,88,Fail,05.19.19,Data
Guardian,36,Fail,07.12.19,Data
Zomato,49,Pass,07.29.19,
Hotstar,6,Fail,04.30.19,Req
Zomato,112,Pass,07.05.19,
ACM,126,Pass,04.22.19,
Netflix,187,Fail,08.05.19,Code
ACM,94,Pass,07.22.19,
Netflix,120,Fail,05.01.19,Env
UberEats,3,Pass,04.29.19,
TechCrunch,26,Fail,04.30.19,Data
Uber,93,Fail,06.23.19,Req
Instagram,175,Pass,07.25.19,
Zomato,36,Fail,07.25.19,Code
Zomato,55,Pass,05.08.19,
Facebook,101,Fail,07.24.19,Req
Hotstar,142,Fail,06.08.19,Env
Guardian,85,Fail,04.30.19,Code
Zomato,160,Pass,08.19.19,
Guardian,193,Pass,04.20.19,
Facebook,95,Pass,05.10.19,
TechCrunch,71,Pass,04.08.19,
Instagram,123,Fail,06.11.19,Req
Hotstar,99,Pass,05.21.19,
Instagram,26,Fail,06.08.19,Code
Guardian,107,Pass,07.27.19,
UberEats,16,Pass,04.18.19,
Hotstar,74,Fail,05.01.19,Env
Guardian,154,Fail,04.20.19,Data
Hotstar,86,Pass,09.23.19,
UberEats,189,Pass,04.20.19,
Instagram,181,Fail,05.13.19,Code
ACM,172,Pass,06.20.19,
Instagram,60,Pass,07.11.19,
TechCrunch,191,Pass,08.13.19,
Instagram,128,Pass,07.16.19,
Instagram,122,Pass,09.23.19,
TechCrunch,57,Fail,08.02.19,Env
ACM,198,Pass,09.08.19,
Facebook,164,Fail,09.26.19,Req
TechCrunch,66,Fail,07.31.19,Data
Zomato,140,Fail,09.28.19,Data
Instagram,187,Pass,08.04.19,
Guardian,124,Fail,07.07.19,Data
TechCrunch,64,Pass,08.28.19,
ACM,69,Fail,07.16.19,Env
UberEats,67,Pass,07.20.19,
UberEats,98,Pass,07.21.19,
ACM,51,Pass,09.13.19,
Hotstar,163,Pass,05.29.19,
UberEats,35,Fail,05.28.19,Code
Guardian,22,Fail,07.18.19,Code
Uber,199,Pass,04.15.19,
ACM,73,Pass,05.14.19,
Netflix,133,Fail,09.24.19,Env
TechCrunch,144,Pass,04.23.19,
Guardian,200,Fail,07.20.19,Data
UberEats,140,Pass,06.01.19,
UberEats,26,Pass,09.12.19,
ACM,173,Fail,06.01.19,Data
Netflix,24,Pass,07.20.19,
TechCrunch,36,Fail,08.21.19,Env
TechCrunch,152,Fail,09.19.19,Env
Instagram,11,Fail,09.12.19,Data
TechCrunch,32,Fail,07.27.19,Req
Netflix,1,Fail,05.01.19,Env
Zomato,118,Fail,07.18.19,Data
TechCrunch,45,Pass,05.05.19,
TechCrunch,113,Pass,05.06.19,
Hotstar,167,Fail,05.06.19,Req
Instagram,96,Pass,06.09.19,
Netflix,17,Pass,09.16.19,
Guardian,147,Pass,08.17.19,
Uber,20,Pass,04.27.19,
TechCrunch,156,Fail,07.02.19,Data
Guardian,123,Fail,07.10.19,Data
Guardian,110,Pass,05.31.19,
Guardian,109,Fail,09.08.19,Env
Instagram,15,Pass,09.18.19,
Netflix,101,Fail,04.19.19,Env
Hotstar,78,Pass,09.18.19,
Guardian,178,Pass,04.05.19,
UberEats,48,Fail,05.21.19,Env
Instagram,171,Fail,06.22.19,Env
UberEats,109,Fail,08.23.19,Data
TechCrunch,10,Pass,06.08.19,
ACM,166,Pass,05.27.19,
Netflix,20,Pass,08.16.19,
Hotstar,145,Fail,09.07.19,Data
UberEats,74,Pass,07.01.19,
Guardian,164,Fail,06.01.19,Data
UberEats,168,Fail,04.01.19,Req
Facebook,52,Pass,04.06.19,
Uber,25,Pass,06.25.19,
Hotstar,123,Pass,04.16.19,
Zomato,126,Pass,06.17.19,
Zomato,83,Pass,06.05.19,
TechCrunch,9,Pass,05.13.19,
TechCrunch,132,Pass,09.05.19,
Uber,171,Fail,08.11.19,Data
UberEats,11,Fail,09.30.19,Req
Instagram,31,Pass,05.24.19,
Zomato,5,Pass,05.01.19,
Netflix,183,Fail,04.19.19,Req
Zomato,71,Pass,04.28.19,
Facebook,141,Pass,09.24.19,
Zomato,37,Fail,04.04.19,Env
Uber,90,Pass,05.25.19,
UberEats,11,Pass,04.08.19,
Uber,78,Fail,07.29.19,Code
TechCrunch,57,Fail,07.06.19,Env
TechCrunch,134,Fail,09.29.19,Code
Guardian,60,Pass,04.26.19,
Hotstar,131,Fail,05.28.19,Code
Guardian,106,Pass,07.27.19,
Guardian,22,Fail,06.08.19,Env
ACM,8,Fail,05.03.19,Env
Zomato,99,Fail,09.15.19,Env
Uber,79,Fail,08.03.19,Data
Netflix,46,Pass,04.29.19,
TechCrunch,171,Fail,06.13.19,Data
TechCrunch,140,Pass,07.18.19,
TechCrunch,76,Fail,09.16.19,Data
UberEats,76,Fail,06.29.19,Code
Facebook,76,Pass,04.22.19,
TechCrunch,121,Pass,09.28.19,
ACM,122,Pass,07.22.19,
Instagram,142,Fail,07.19.19,Req
Zomato,155,Pass,05.30.19,
UberEats,165,Pass,06.04.19,
TechCrunch,182,Fail,04.20.19,Req
ACM,38,Pass,04.06.19,
Guardian,162,Pass,07.27.19,
ACM,18,Pass,05.02.19,
TechCrunch,85,Fail,05.17.19,Code
Uber,75,Fail,07.25.19,Env
Instagram,110,Fail,09.06.19,Env
UberEats,118,Fail,07.26.19,Data
Netflix,193,Pass,04.04.19,
Guardian,83,Fail,05.04.19,Env
TechCrunch,192,Fail,09.28.19,Data
Netflix,147,Pass,08.22.19,
UberEats,3,Pass,07.03.19,
TechCrunch,5,Pass,04.09.19,
Hotstar,60,Pass,08.21.19,
Netflix,153,Fail,09.06.19,Data
Facebook,70,Pass,09.17.19,
Zomato,32,Pass,06.02.19,
Facebook,72,Fail,05.17.19,Code
TechCrunch,85,Fail,07.20.19,Env
ACM,111,Fail,07.18.19,Req
Hotstar,199,Pass,05.08.19,
Guardian,6,Pass,09.11.19,
Guardian,193,Fail,06.21.19,Code
Instagram,160,Fail,04.28.19,Data
ACM,117,Fail,06.28.19,Env
Netflix,142,Fail,08.10.19,Code
Uber,1,Pass,04.24.19,
Hotstar,94,Fail,05.21.19,Code
Facebook,147,Fail,09.08.19,Data
Zomato,192,Fail,05.07.19,Req
Netflix,173,Pass,07.19.19,
Zomato,4,Pass,04.25.19,
TechCrunch,39,Fail,06.24.19,Data
Hotstar,125,Fail,04.22.19,Env
Instagram,83,Pass,09.21.19,
ACM,57,Pass,07.07.19,
Hotstar,59,Pass,04.25.19,
Zomato,68,Fail,04.24.19,Req
TechCrunch,161,Fail,06.07.19,Env
Uber,53,Fail,04.06.19,Data
Facebook,96,Pass,04.10.19,
Hotstar,136,Fail,07.09.19,Req
Netflix,2,Fail,06.15.19,Env
Uber,191,Pass,04.05.19,
TechCrunch,147,Fail,05.16.19,Code
TechCrunch,139,Pass,06.28.19,
Hotstar,59,Fail,08.07.19,Code
Instagram,111,Fail,04.30.19,Data
Guardian,17,Pass,04.10.19,
Zomato,128,Fail,04.18.19,Req
Zomato,140,Fail,08.30.19,Req
TechCrunch,85,Fail,05.25.19,Code
Facebook,82,Pass,06.18.19,
Zomato,30,Pass,06.03.19,
UberEats,71,Pass,06.23.19,
Guardian,188,Fail,04.24.19,Data
Uber,97,Pass,07.27.19,
Instagram,59,Fail,08.30.19,Code
Zomato,54,Pass,09.08.19,
Instagram,153,Pass,05.14.19,
Netflix,143,Fail,04.14.19,Env
TechCrunch,120,Pass,08.09.19,
Guardian,40,Fail,04.09.19,Env
Facebook,165,Fail,04.11.19,Req
Guardian,200,Pass,04.04.19,
UberEats,197,Fail,06.25.19,Data
Guardian,66,Pass,08.23.19,
Guardian,196,Pass,08.10.19,
ACM,22,Fail,08.15.19,Code
Uber,64,Fail,09.28.19,Req
TechCrunch,155,Fail,05.12.19,Env
Uber,121,Fail,08.22.19,Req
UberEats,162,Pass,09.14.19,
Instagram,92,Pass,08.14.19,
Uber,86,Pass,07.03.19,
Instagram,175,Pass,07.03.19,
Guardian,118,Fail,04.12.19,Data
Facebook,45,Pass,08.06.19,
Facebook,134,Fail,09.13.19,Data
Zomato,138,Pass,04.04.19,
Uber,54,Fail,06.23.19,Data
Instagram,14,Pass,04.27.19,
Uber,128,Fail,08.25.19,Code
ACM,146,Pass,06.01.19,
UberEats,140,Fail,08.20.19,Code
Uber,104,Pass,05.09.19,
Uber,91,Pass,06.27.19,
ACM,4,Pass,09.04.19,
Uber,66,Pass,04.12.19,
Facebook,26,Pass,07.05.19,
Facebook,12,Fail,09.06.19,Env
Instagram,180,Pass,06.22.19,
Guardian,185,Fail,04.06.19,Env
ACM,170,Pass,08.24.19,
Uber,14,Fail,05.15.19,Code
UberEats,135,Pass,07.14.19,
Uber,66,Pass,05.09.19,
Facebook,118,Fail,07.20.19,Req
Uber,80,Pass,06.18.19,
Hotstar,154,Fail,07.05.19,Data
Hotstar,110,Fail,07.01.19,Req
Zomato,65,Fail,07.17.19,Data
Guardian,98,Fail,06.03.19,Code
Guardian,85,Fail,04.21.19,Env
Hotstar,98,Pass,04.25.19,
Facebook,123,Pass,07.08.19,
Hotstar,132,Pass,05.01.19,
TechCrunch,109,Fail,06.03.19,Data
Netflix,173,Fail,04.27.19,Data
Instagram,61,Pass,08.05.19,
ACM,68,Pass,06.04.19,
ACM,170,Fail,08.27.19,Data
UberEats,28,Fail,05.11.19,Env
Facebook,73,Fail,04.28.19,Env
TechCrunch,104,Fail,09.22.19,Req
Netflix,28,Fail,05.04.19,Code
Uber,44,Pass,04.02.19,
Instagram,200,Pass,09.06.19,
Zomato,153,Pass,06.15.19,
Guardian,116,Pass,08.01.19,
TechCrunch,62,Fail,07.10.19,Data
Zomato,135,Fail,06.22.19,Code
Uber,107,Pass,08.25.19,
Netflix,105,Fail,08.24.19,Env
ACM,66,Fail,08.31.19,Data
Uber,80,Pass,05.04.19,
ACM,158,Pass,07.12.19,
Uber,97,Pass,08.12.19,
ACM,92,Fail,09.01.19,Env
Hotstar,20,Fail,07.25.19,Code
Netflix,191,Pass,09.10.19,
Instagram,33,Fail,04.19.19,Req
Hotstar,126,Fail,05.21.19,Req
Zomato,118,Pass,09.13.19,
Netflix,125,Pass,09.11.19,
ACM,176,Pass,06.27.19,
Facebook,159,Fail,04.05.19,Data
Guardian,12,Pass,09.24.19,
Zomato,194,Pass,05.26.19,
Instagram,72,Pass,06.20.19,
Guardian,6,Pass,08.23.19,
ACM,2,Fail,06.07.19,Code
Guardian,94,Pass,04.26.19,
Facebook,164,Fail,04.04.19,Req
Guardian,102,Pass,07.28.19,
Facebook,86,Pass,04.03.19,
Uber,98,Pass,08.02.19,
Netflix,160,Pass,04.22.19,
Guardian,199,Fail,04.22.19,Code
UberEats,118,Fail,04.04.19,Data
Guardian,115,Pass,06.29.19,
UberEats,78,Pass,08.04.19,
Netflix,178,Pass,07.08.19,
UberEats,34,Pass,06.12.19,
Instagram,153,Fail,04.16.19,Req
Hotstar,179,Fail,07.27.19,Data
Guardian,176,Pass,06.24.19,
Netflix,102,Fail,07.08.19,Env
Guardian,137,Pass,07.28.19,
Uber,15,Fail,05.04.19,Code
Facebook,39,Fail,07.12.19,Data
Hotstar,178,Pass,04.03.19,
Guardian,4,Pass,08.26.19,
UberEats,156,Fail,08.29.19,Req
Instagram,87,Fail,05.03.19,Env
Hotstar,134,Pass,09.23.19,
Instagram,188,Fail,06.11.19,Req
Facebook,61,Pass,06.22.19,
Facebook,68,Fail,08.21.19,Env
Facebook,130,Pass,05.05.19,
Hotstar,193,Pass,05.10.19,
Netflix,79,Pass,06.23.19,
Zomato,2,Fail,05.14.19,Data
Hotstar,194,Pass,09.18.19,
ACM,124,Pass,08.15.19,
Zomato,79,Fail,08.13.19,Req
Zomato,11,Pass,07.24.19,
Instagram,89,Pass,05.15.19,
Hotstar,52,Fail,07.25.19,Req
ACM,147,Fail,04.08.19,Code
Guardian,161,Fail,07.19.19,Env
Facebook,72,Pass,07.14.19,
Guardian,40,Pass,07.10.19,
Uber,45,Fail,05.22.19,Req
Facebook,118,Pass,09.30.19,
Netflix,135,Pass,09.02.19,
Instagram,157,Fail,07.25.19,Req
Instagram,172,Pass,05.12.19,
Zomato,107,Fail,05.21.19,Req
Zomato,41,Pass,04.13.19,
UberEats,180,Fail,07.09.19,Data
Uber,132,Fail,09.24.19,Data
Instagram,31,Pass,09.05.19,
TechCrunch,2,Pass,07.23.19,
Hotstar,77,Pass,08.01.19,
UberEats,14,Fail,05.11.19,Env
ACM,132,Pass,05.16.19,
UberEats,43,Pass,04.16.19,
Guardian,23,Pass,06.27.19,
Instagram,137,Fail,07.06.19,Env
UberEats,73,Pass,04.16.19,
ACM,114,Pass,09.22.19,
UberEats,151,Fail,05.28.19,Code
Hotstar,191,Pass,09.16.19,
UberEats,185,Pass,08.08.19,
Guardian,66,Pass,06.06.19,
ACM,132,Pass,08.14.19,
Netflix,91,Pass,07.24.19,
Netflix,71,Pass,04.09.19,
TechCrunch,158,Fail,04.12.19,Env
Facebook,200,Fail,05.27.19,Req
UberEats,6,Fail,05.29.19,Data
Instagram,57,Fail,09.26.19,Code
Hotstar,94,Fail,06.06.19,Env
Facebook,12,Pass,05.01.19,
Uber,22,Pass,09.02.19,
Zomato,1,Fail,06.23.19,Data
Facebook,103,Fail,08.01.19,Data
Guardian,53,Fail,06.30.19,Code
Guardian,86,Fail,08.25.19,Req
Zomato,114,Fail,06.26.19,Req
Netflix,175,Pass,04.25.19,
UberEats,71,Fail,06.22.19,Env
Uber,79,Pass,09.25.19,
Uber,40,Fail,06.04.19,Env
Hotstar,188,Pass,07.07.19,
Uber,63,Fail,04.27.19,Env
UberEats,161,Pass,06.10.19,
Zomato,192,Fail,06.24.19,Env
Guardian,180,Fail,09.07.19,Req
ACM,54,Fail,06.11.19,Env
Guardian,89,Pass,09.17.19,
Guardian,191,Pass,07.20.19,
TechCrunch,93,Fail,05.28.19,Code
Uber,192,Pass,05.27.19,
ACM,148,Pass,04.04.19,
Uber,149,Fail,04.30.19,Code
TechCrunch,187,Pass,08.08.19,
TechCrunch,40,Fail,08.09.19,Env
Facebook,143,Pass,05.05.19,
Facebook,51,Fail,04.19.19,Req
TechCrunch,4,Fail,05.09.19,Data
TechCrunch,73,Fail,04.06.19,Env
Uber,141,Fail,09.24.19,Req
Hotstar,114,Fail,06.25.19,Data
Guardian,52,Fail,05.14.19,Req
TechCrunch,177,Pass,08.09.19,
Instagram,141,Fail,08.13.19,Data
ACM,161,Fail,05.11.19,Env
Zomato,87,Pass,06.02.19,
ACM,116,Pass,06.08.19,
Instagram,14,Fail,05.12.19,Env
Zomato,60,Fail,09.07.19,Req
Netflix,61,Pass,04.25.19,
UberEats,167,Pass,08.31.19,
Guardian,61,Pass,08.02.19,
Zomato,156,Fail,06.03.19,Req
Instagram,192,Fail,09.21.19,Data
UberEats,119,Fail,05.13.19,Code
Facebook,32,Fail,05.27.19,Env
Instagram,68,Fail,08.09.19,Env
UberEats,190,Pass,05.29.19,
UberEats,168,Pass,09.17.19,
Zomato,50,Fail,08.25.19,Code
Zomato,160,Fail,05.21.19,Data
TechCrunch,50,Pass,05.10.19,
Facebook,110,Fail,05.13.19,Env
Guardian,46,Fail,09.28.19,Req
Facebook,70,Fail,06.20.19,Env
TechCrunch,20,Pass,09.30.19,
ACM,105,Pass,08.27.19,
Guardian,149,Fail,07.06.19,Env
Zomato,153,Pass,04.08.19,
TechCrunch,17,Fail,05.28.19,Env
Netflix,167,Pass,07.18.19,
UberEats,109,Fail,08.07.19,Req
UberEats,91,Pass,06.26.19,
ACM,132,Pass,06.23.19,
Zomato,53,Fail,07.26.19,Env
Facebook,151,Pass,09.14.19,
ACM,90,Pass,04.02.19,
Zomato,150,Fail,05.01.19,Data
Instagram,151,Fail,07.24.19,Req
Facebook,58,Pass,09.23.19,
Netflix,176,Pass,09.28.19,
Netflix,39,Pass,09.30.19,
UberEats,172,Fail,08.09.19,Req
TechCrunch,38,Pass,04.01.19,
Zomato,171,Fail,05.07.19,Req
ACM,12,Fail,06.21.19,Req
Uber,83,Pass,06.29.19,
Uber,146,Pass,04.23.19,
UberEats,199,Pass,06.12.19,
TechCrunch,189,Fail,04.08.19,Code
Instagram,28,Fail,04.01.19,Data
Hotstar,24,Pass,07.30.19,
Instagram,132,Pass,08.08.19,
Uber,112,Pass,06.27.19,
Netflix,152,Fail,04.06.19,Env
Guardian,69,Pass,07.01.19,
ACM,143,Pass,09.24.19,
ACM,31,Fail,09.17.19,Req
Instagram,126,Fail,08.19.19,Req
Facebook,120,Fail,08.17.19,Req
Hotstar,22,Fail,04.26.19,Req
UberEats,146,Pass,09.28.19,
Hotstar,90,Fail,09.16.19,Env
Guardian,1,Pass,09.27.19,
TechCrunch,11,Pass,04.03.19,
UberEats,60,Pass,06.20.19,
ACM,128,Fail,09.13.19,Data
Uber,103,Fail,07.05.19,Env
Zomato,53,Pass,08.23.19,
Uber,196,Pass,09.26.19,
Guardian,38,Fail,04.27.19,Req
ACM,106,Pass,05.29.19,
Zomato,12,Pass,05.31.19,
Instagram,100,Pass,08.26.19,
UberEats,15,Fail,09.16.19,Data
Uber,38,Fail,06.30.19,Req
Facebook,64,Fail,05.21.19,Code
Instagram,143,Pass,07.28.19,
Hotstar,192,Fail,04.22.19,Req
Zomato,80,Fail,09.09.19,Code
Hotstar,13,Pass,08.25.19,
Facebook,12,Pass,06.20.19,
UberEats,151,Pass,08.25.19,
Hotstar,56,Fail,05.27.19,Code
TechCrunch,86,Fail,07.13.19,Code
UberEats,159,Fail,04.08.19,Data
Zomato,195,Pass,04.06.19,
Netflix,50,Pass,06.14.19,
Uber,32,Fail,07.27.19,Code
Instagram,113,Fail,05.16.19,Code
TechCrunch,48,Fail,07.28.19,Data
ACM,17,Fail,05.08.19,Env
UberEats,125,Fail,09.28.19,Code
Facebook,139,Fail,06.30.19,Data
Instagram,54,Fail,06.01.19,Code
ACM,28,Fail,05.14.19,Req
ACM,163,Fail,06.05.19,Code
Uber,119,Pass,06.10.19,
Hotstar,194,Fail,09.15.19,Code
Instagram,110,Fail,09.05.19,Env
ACM,46,Pass,04.23.19,
Instagram,181,Pass,07.26.19,
Hotstar,148,Fail,05.02.19,Data
Facebook,1,Pass,04.06.19,
UberEats,160,Pass,07.25.19,
Guardian,185,Pass,09.25.19,
Instagram,64,Fail,06.05.19,Env
Hotstar,183,Pass,05.22.19,
Hotstar,171,Pass,05.17.19,
Guardian,182,Pass,07.26.19,
Hotstar,152,Pass,07.23.19,
Facebook,69,Pass,04.28.19,
Facebook,4,Fail,07.31.19,Req
UberEats,108,Fail,05.22.19,Req
UberEats,7,Pass,05.28.19,
Zomato,63,Pass,04.18.19,
TechCrunch,142,Pass,07.03.19,
TechCrunch,120,Fail,07.05.19,Req
Hotstar,164,Fail,09.28.19,Data
Guardian,4,Pass,07.28.19,
Instagram,60,Pass,09.07.19,
Uber,196,Fail,07.02.19,Code
Guardian,166,Pass,09.10.19,
Hotstar,21,Pass,07.09.19,
TechCrunch,46,Pass,06.11.19,
Uber,31,Fail,05.27.19,Code
Netflix,142,Fail,09.15.19,Req
Guardian,80,Pass,08.09.19,
ACM,158,Fail,04.07.19,Data
Guardian,47,Pass,08.14.19,
ACM,23,Pass,07.17.19,
UberEats,122,Fail,06.20.19,Data
Zomato,9,Fail,04.02.19,Data
ACM,89,Fail,06.02.19,Req
Facebook,23,Fail,05.20.19,Data
Guardian,10,Pass,06.30.19,
Hotstar,123,Pass,06.08.19,
Facebook,175,Fail,06.14.19,Env
Hotstar,91,Fail,04.25.19,Data
Zomato,113,Fail,06.17.19,Req
Netflix,132,Fail,05.03.19,Env
Facebook,78,Pass,04.01.19,
Zomato,112,Pass,09.27.19,
TechCrunch,136,Fail,04.17.19,Code
Instagram,39,Pass,05.30.19,
Guardian,4,Fail,05.23.19,Req
UberEats,109,Fail,09.05.19,Env
Instagram,12,Pass,06.29.19,
Guardian,141,Pass,07.13.19,
TechCrunch,25,Fail,04.20.19,Req
Guardian,90,Pass,08.07.19,
Zomato,120,Pass,06.23.19,
ACM,189,Pass,04.20.19,
Facebook,100,Fail,05.27.19,Env
Guardian,41,Pass,04.04.19,
Facebook,48,Fail,04.10.19,Code
TechCrunch,160,Pass,06.05.19,
ACM,171,Pass,04.05.19,
UberEats,188,Fail,09.02.19,Code
Facebook,36,Fail,05.27.19,Env
ACM,76,Pass,08.06.19,
ACM,21,Pass,07.01.19,
Hotstar,25,Pass,04.05.19,
Zomato,123,Fail,04.12.19,Env
UberEats,107,Fail,05.16.19,Env
Hotstar,15,Pass,07.14.19,
UberEats,86,Pass,04.18.19,
Zomato,178,Pass,09.01.19,
Instagram,185,Pass,07.23.19,
Hotstar,174,Pass,08.10.19,
Uber,70,Fail,07.10.19,Code
ACM,117,Pass,09.24.19,
Netflix,70,Pass,05.20.19,
UberEats,127,Fail,08.24.19,Data
Zomato,195,Pass,07.24.19,
TechCrunch,159,Pass,07.19.19,
ACM,56,Pass,06.21.19,
UberEats,37,Pass,05.31.19,
Hotstar,193,Fail,04.01.19,Req
Uber,64,Fail,05.03.19,Req
Hotstar,179,Pass,09.28.19,
Netflix,95,Pass,06.24.19,
TechCrunch,16,Fail,09.15.19,Req
ACM,3,Fail,04.10.19,Env
TechCrunch,187,Pass,08.10.19,
Zomato,131,Fail,09.24.19,Code
Hotstar,125,Fail,09.27.19,Env
UberEats,182,Fail,04.19.19,Data
UberEats,113,Pass,07.30.19,
Uber,132,Pass,09.23.19,
Guardian,79,Fail,06.11.19,Data
TechCrunch,133,Fail,07.01.19,Env
Zomato,152,Fail,05.19.19,Code
ACM,4,Pass,07.02.19,
Instagram,66,Fail,08.05.19,Code
Uber,30,Pass,04.28.19,
ACM,44,Pass,09.28.19,
Guardian,118,Fail,08.18.19,Env
Hotstar,170,Pass,08.25.19,
Instagram,51,Pass,05.29.19,
Instagram,123,Fail,08.15.19,Data
Facebook,14,Fail,04.20.19,Code
TechCrunch,59,Pass,09.20.19,
Instagram,75,Pass,04.07.19,
Guardian,40,Pass,04.08.19,
Hotstar,81,Fail,09.01.19,Env
Instagram,106,Pass,08.19.19,
Zomato,143,Fail,08.20.19,Req
UberEats,110,Pass,06.22.19,
Netflix,98,Pass,08.03.19,
Netflix,6,Fail,08.27.19,Req
Zomato,89,Pass,04.15.19,
Netflix,162,Pass,04.21.19,
ACM,122,Pass,04.07.19,
Guardian,84,Pass,08.25.19,
TechCrunch,84,Fail,08.07.19,Code
Instagram,119,Pass,07.24.19,
TechCrunch,123,Pass,07.05.19,
UberEats,136,Fail,04.10.19,Env
Guardian,44,Fail,07.20.19,Req
Zomato,27,Pass,04.14.19,
Guardian,7,Pass,08.29.19,
UberEats,115,Pass,08.23.19,
Uber,45,Pass,08.30.19,
Uber,151,Fail,05.07.19,Code
UberEats,193,Fail,05.05.19,Code
TechCrunch,149,Pass,05.29.19,
TechCrunch,41,Fail,05.20.19,Env
Instagram,9,Pass,08.02.19,
UberEats,188,Fail,07.01.19,Env
Zomato,44,Fail,05.09.19,Env
Facebook,94,Fail,09.04.19,Env
Instagram,134,Fail,06.08.19,Env
Uber,118,Fail,07.10.19,Data
Netflix,132,Fail,08.29.19,Req
TechCrunch,8,Pass,09.28.19,
Uber,81,Pass,09.15.19,
Zomato,184,Fail,08.19.19,Env
Netflix,140,Pass,09.04.19,
UberEats,181,Pass,09.26.19,
TechCrunch,158,Fail,07.15.19,Req
Uber,58,Fail,05.02.19,Env
UberEats,27,Fail,06.20.19,Req
Netflix,91,Pass,09.03.19,
Zomato,169,Pass,08.19.19,
Guardian,48,Fail,07.29.19,Code
Facebook,5,Fail,09.25.19,Code
Hotstar,8,Pass,06.19.19,
UberEats,87,Fail,09.01.19,Data
Guardian,100,Fail,08.22.19,Req
Instagram,127,Fail,08.20.19,Req
Facebook,94,Fail,05.29.19,Data
Guardian,98,Pass,07.23.19,
Hotstar,191,Fail,04.22.19,Env
Instagram,100,Pass,04.14.19,
Hotstar,174,Pass,09.24.19,
Guardian,62,Fail,09.07.19,Data
ACM,6,Pass,08.29.19,
Uber,143,Fail,09.23.19,Data
TechCrunch,114,Fail,05.05.19,Req
Zomato,134,Pass,06.01.19,
Netflix,140,Fail,04.11.19,Data
Hotstar,7,Pass,05.25.19,
Zomato,154,Fail,05.18.19,Data
Hotstar,75,Fail,07.03.19,Code
Facebook,55,Pass,07.25.19,
Facebook,109,Fail,09.08.19,Env
Zomato,26,Fail,04.01.19,Data
Zomato,162,Pass,07.01.19,
Guardian,162,Pass,09.03.19,
Netflix,114,Fail,05.21.19,Env
TechCrunch,25,Fail,06.13.19,Code
Instagram,1,Pass,09.15.19,
Hotstar,76,Fail,04.08.19,Req
ACM,29,Fail,05.05.19,Req
TechCrunch,53,Fail,05.16.19,Req
Guardian,128,Fail,04.09.19,Env
Guardian,165,Fail,05.16.19,Data
Hotstar,90,Pass,09.17.19,
Uber,27,Pass,08.02.19,
Uber,182,Fail,09.11.19,Code
Zomato,186,Pass,08.29.19,
Guardian,117,Fail,08.18.19,Data
TechCrunch,53,Pass,08.30.19,
ACM,29,Pass,09.04.19,
Hotstar,36,Fail,05.24.19,Data
TechCrunch,169,Pass,04.15.19,
UberEats,191,Fail,08.08.19,Req
Instagram,89,Pass,09.23.19,
UberEats,76,Fail,06.10.19,Req
Hotstar,179,Fail,04.27.19,Code
UberEats,37,Pass,08.03.19,
UberEats,188,Pass,06.18.19,
UberEats,136,Fail,08.03.19,Env
Guardian,53,Pass,08.29.19,
Uber,45,Fail,04.20.19,Env
ACM,60,Fail,07.28.19,Env
Hotstar,41,Pass,09.24.19,
ACM,86,Pass,08.15.19,
Uber,48,Pass,07.16.19,
Guardian,128,Pass,05.07.19,
Zomato,62,Fail,08.07.19,Code
ACM,64,Pass,08.27.19,
Facebook,76,Pass,04.01.19,
ACM,137,Fail,05.07.19,Data
UberEats,122,Pass,08.27.19,
Guardian,118,Fail,05.06.19,Code
Uber,165,Fail,05.03.19,Data
Guardian,76,Fail,09.13.19,Data
Instagram,41,Fail,04.09.19,Req
UberEats,196,Pass,05.11.19,
TechCrunch,187,Fail,06.11.19,Env
ACM,54,Fail,09.01.19,Data
Uber,194,Fail,07.09.19,Req
Uber,15,Fail,09.10.19,Env
Guardian,199,Pass,06.09.19,
Guardian,56,Fail,07.03.19,Code
Facebook,82,Fail,08.22.19,Env
Instagram,19,Fail,04.02.19,Code
Hotstar,158,Pass,08.28.19,
UberEats,116,Fail,06.23.19,Data
ACM,154,Fail,04.14.19,Code
UberEats,186,Fail,07.21.19,Env
ACM,106,Fail,05.24.19,Env
ACM,163,Fail,04.12.19,Code
Facebook,31,Fail,07.14.19,Data
Guardian,33,Pass,09.01.19,
Hotstar,44,Fail,05.07.19,Data
Zomato,115,Fail,04.16.19,Env
Hotstar,7,Fail,08.11.19,Req
TechCrunch,71,Fail,06.07.19,Data
Zomato,161,Fail,09.08.19,Env
Netflix,169,Fail,09.13.19,Env
Uber,138,Pass,09.13.19,
Guardian,199,Pass,08.19.19,
TechCrunch,174,Pass,06.12.19,
Facebook,43,Pass,07.15.19,
Hotstar,113,Pass,04.21.19,
Netflix,38,Fail,05.17.19,Req
Guardian,13,Fail,04.04.19,Env
Instagram,79,Pass,04.08.19,
Hotstar,182,Pass,05.01.19,
Zomato,127,Pass,07.16.19,
Hotstar,29,Pass,04.13.19,
TechCrunch,82,Pass,09.12.19,
TechCrunch,8,Pass,08.03.19,
Hotstar,85,Pass,04.03.19,
Uber,178,Pass,09.28.19,
Zomato,14,Fail,07.03.19,Env
Facebook,65,Pass,07.27.19,
TechCrunch,155,Pass,05.23.19,
Facebook,22,Pass,04.08.19,
ACM,22,Pass,07.27.19,
Facebook,23,Pass,07.27.19,
Hotstar,90,Pass,05.08.19,
Netflix,179,Fail,04.26.19,Code
Zomato,116,Fail,09.15.19,Code
Instagram,56,Fail,05.29.19,Env
Hotstar,127,Pass,04.25.19,
Hotstar,138,Fail,04.25.19,Code
UberEats,30,Pass,09.30.19,
UberEats,164,Pass,07.06.19,
Zomato,132,Pass,05.01.19,
ACM,192,Fail,06.13.19,Code
Instagram,41,Fail,09.27.19,Req
Zomato,96,Fail,07.03.19,Code
Zomato,81,Fail,07.29.19,Data
Guardian,6,Pass,05.11.19,
Zomato,85,Fail,04.04.19,Env
UberEats,181,Pass,09.11.19,
Facebook,112,Fail,05.28.19,Env
Instagram,174,Pass,07.31.19,
Facebook,8,Fail,05.27.19,Req
Guardian,140,Pass,08.04.19,
ACM,18,Pass,07.20.19,
Uber,112,Fail,05.09.19,Env
Uber,152,Fail,07.19.19,Code
Hotstar,175,Fail,04.05.19,Req
TechCrunch,93,Pass,05.13.19,
Netflix,113,Fail,06.30.19,Env
Zomato,194,Pass,06.20.19,
Uber,163,Pass,04.03.19,
Netflix,197,Fail,04.27.19,Env
TechCrunch,5,Fail,04.10.19,Req
TechCrunch,84,Fail,06.06.19,Req
UberEats,171,Fail,07.21.19,Env
Zomato,51,Pass,05.03.19,
TechCrunch,149,Fail,05.21.19,Data
TechCrunch,200,Fail,08.31.19,Code
Facebook,118,Pass,05.16.19,
Hotstar,198,Fail,09.30.19,Env
Zomato,53,Fail,09.21.19,Data
Hotstar,195,Pass,09.07.19,
Uber,65,Fail,04.02.19,Data
Hotstar,19,Pass,07.27.19,
Guardian,125,Fail,05.02.19,Data
ACM,68,Pass,05.10.19,
Instagram,184,Pass,08.12.19,
UberEats,145,Fail,06.22.19,Data
Netflix,75,Fail,08.16.19,Req
Guardian,182,Pass,07.17.19,
Facebook,83,Fail,08.06.19,Code
Netflix,90,Fail,08.17.19,Data
Hotstar,54,Pass,07.27.19,
Netflix,75,Fail,06.15.19,Req
Guardian,59,Pass,07.20.19,
Zomato,45,Fail,08.25.19,Env
TechCrunch,56,Fail,04.01.19,Env
Facebook,85,Fail,07.02.19,Code
UberEats,89,Pass,04.25.19,
Guardian,188,Fail,09.06.19,Data
ACM,151,Pass,09.01.19,
Instagram,76,Fail,09.13.19,Data
TechCrunch,16,Pass,04.22.19,
Guardian,49,Pass,09.22.19,
Uber,142,Fail,04.02.19,Data
TechCrunch,60,Fail,08.08.19,Req
Guardian,72,Pass,04.27.19,
Zomato,119,Pass,07.21.19,
UberEats,179,Fail,06.02.19,Code
Instagram,200,Pass,04.22.19,
Uber,121,Pass,04.02.19,
ACM,168,Fail,08.21.19,Data
Hotstar,36,Pass,07.18.19,
UberEats,134,Pass,09.20.19,
ACM,124,Pass,05.28.19,
Facebook,11,Fail,09.09.19,Req
Instagram,62,Pass,08.09.19,
Zomato,132,Fail,08.14.19,Data
Hotstar,116,Fail,08.28.19,Code
ACM,163,Fail,07.13.19,Env
Guardian,56,Pass,07.14.19,
UberEats,38,Fail,05.24.19,Req
TechCrunch,70,Pass,05.14.19,
Guardian,39,Fail,08.27.19,Env
Instagram,115,Pass,04.02.19,
Facebook,83,Fail,04.20.19,Code
Netflix,160,Pass,08.24.19,
Netflix,87,Fail,08.30.19,Data
Guardian,184,Fail,07.25.19,Req
ACM,76,Fail,06.18.19,Req
TechCrunch,33,Pass,08.17.19,
Instagram,20,Fail,05.04.19,Code
Hotstar,200,Fail,06.11.19,Env
Guardian,127,Pass,08.05.19,
Hotstar,57,Fail,04.29.19,Req
UberEats,2,Pass,08.15.19,
Zomato,41,Fail,05.01.19,Data
Facebook,33,Fail,05.11.19,Env
Facebook,82,Pass,06.13.19,
Uber,38,Fail,04.09.19,Env
Instagram,6,Fail,07.30.19,Data
UberEats,1,Pass,04.28.19,
Zomato,82,Fail,09.19.19,Req
Guardian,176,Fail,06.05.19,Code
Uber,9,Fail,09.05.19,Env
Netflix,85,Pass,08.08.19,
Guardian,82,Fail,07.07.19,Code
TechCrunch,83,Fail,09.16.19,Data
Guardian,184,Fail,04.15.19,Req
Uber,13,Fail,09.17.19,Code
Instagram,9,Pass,04.11.19,
Facebook,58,Pass,09.14.19,
Hotstar,62,Fail,08.29.19,Req
Guardian,186,Pass,08.28.19,
Netflix,87,Fail,06.22.19,Env
Instagram,114,Pass,07.29.19,
Instagram,197,Fail,04.23.19,Code
Guardian,123,Pass,05.11.19,
UberEats,84,Pass,06.30.19,
Uber,163,Fail,07.05.19,Req
Hotstar,121,Fail,09.28.19,Env
Instagram,124,Fail,08.22.19,Req
Uber,90,Fail,04.17.19,Data
Uber,42,Pass,08.08.19,
Guardian,199,Pass,06.30.19,
Hotstar,138,Pass,06.23.19,
Uber,129,Fail,05.31.19,Req
TechCrunch,199,Fail,08.17.19,Data
Netflix,18,Fail,04.01.19,Req
Guardian,90,Pass,07.18.19,
Instagram,146,Pass,09.08.19,
Netflix,83,Pass,07.19.19,
Instagram,62,Fail,06.21.19,Env
Netflix,12,Pass,06.12.19,
Instagram,19,Pass,07.08.19,
TechCrunch,180,Pass,09.04.19,
Instagram,191,Pass,06.28.19,
Facebook,73,Fail,06.09.19,Req
Facebook,25,Pass,08.22.19,
UberEats,112,Pass,08.03.19,
UberEats,30,Pass,04.06.19,
Hotstar,94,Pass,09.10.19,
Netflix,51,Pass,05.14.19,
Hotstar,67,Fail,08.03.19,Code
Hotstar,150,Pass,07.18.19,
UberEats,111,Pass,08.28.19,
Uber,36,Pass,09.21.19,
TechCrunch,115,Pass,05.07.19,
Uber,13,Pass,08.27.19,
Facebook,125,Pass,04.09.19,
Instagram,63,Fail,09.30.19,Env
ACM,49,Fail,08.25.19,Env
Guardian,81,Fail,07.29.19,Req
Uber,195,Fail,05.12.19,Data
Netflix,102,Fail,04.11.19,Env
ACM,81,Fail,04.16.19,Data
Zomato,196,Fail,05.11.19,Data
Netflix,62,Pass,07.28.19,
TechCrunch,149,Fail,08.24.19,Req
UberEats,126,Fail,05.07.19,Data
Uber,10,Fail,07.13.19,Data
Guardian,132,Pass,09.17.19,
Netflix,154,Fail,07.18.19,Env
Hotstar,62,Pass,08.15.19,
Facebook,161,Pass,06.28.19,
Hotstar,25,Fail,08.30.19,Code
Facebook,127,Fail,07.27.19,Env
TechCrunch,138,Pass,06.06.19,
Uber,49,Pass,05.03.19,
Uber,164,Fail,06.03.19,Env
Hotstar,137,Pass,09.02.19,
TechCrunch,200,Fail,06.30.19,Env
UberEats,184,Pass,06.01.19,
TechCrunch,190,Pass,09.20.19,
Netflix,83,Fail,09.25.19,Env
Uber,108,Pass,04.03.19,
Instagram,73,Fail,09.19.19,Code
Netflix,2,Fail,04.08.19,Code
Zomato,69,Fail,05.23.19,Data
Instagram,141,Fail,07.13.19,Code
Uber,177,Pass,04.30.19,
Instagram,51,Pass,05.08.19,
UberEats,173,Fail,07.03.19,Code
Zomato,99,Fail,06.03.19,Req
UberEats,125,Pass,09.18.19,
Guardian,88,Pass,05.07.19,
Instagram,19,Pass,09.27.19,
UberEats,30,Fail,07.18.19,Code
TechCrunch,8,Fail,08.06.19,Req
ACM,178,Fail,08.30.19,Req
Instagram,51,Pass,04.08.19,
Guardian,151,Fail,06.04.19,Code
ACM,179,Pass,04.10.19,
Guardian,50,Fail,07.22.19,Code
Instagram,54,Fail,07.14.19,Req
Guardian,195,Fail,09.27.19,Env
TechCrunch,118,Fail,04.06.19,Data
Guardian,49,Fail,08.23.19,Code
ACM,52,Fail,07.05.19,Code
Netflix,34,Pass,07.30.19,
Zomato,176,Fail,06.19.19,Data
UberEats,159,Fail,04.07.19,Data
UberEats,181,Pass,05.09.19,
ACM,39,Pass,08.29.19,
Facebook,13,Pass,08.31.19,
Guardian,131,Pass,08.07.19,
Hotstar,76,Pass,07.10.19,
Netflix,43,Pass,06.02.19,
Uber,146,Pass,05.21.19,
ACM,100,Fail,05.15.19,Code
TechCrunch,147,Pass,05.13.19,
Hotstar,72,Pass,09.30.19,
TechCrunch,77,Fail,04.11.19,Req
Uber,169,Pass,05.12.19,
Zomato,8,Pass,05.16.19,
Hotstar,85,Fail,05.03.19,Code
Zomato,89,Fail,09.21.19,Req
UberEats,130,Pass,06.20.19,
Instagram,8,Fail,07.02.19,Req
Netflix,122,Fail,05.12.19,Req
TechCrunch,91,Fail,04.01.19,Env
Facebook,46,Pass,09.12.19,
Hotstar,102,Pass,07.17.19,
TechCrunch,131,Fail,08.09.19,Env
Zomato,48,Pass,07.08.19,
UberEats,23,Pass,07.23.19,
TechCrunch,155,Pass,06.04.19,
Guardian,163,Pass,08.08.19,
UberEats,25,Fail,05.03.19,Data
UberEats,109,Fail,06.14.19,Env
Instagram,112,Fail,05.11.19,Req
ACM,108,Fail,06.01.19,Code
Uber,153,Fail,07.29.19,Data
Netflix,44,Fail,05.12.19,Code
ACM,114,Fail,07.09.19,Data
ACM,159,Pass,09.17.19,
Uber,49,Pass,08.24.19,
Zomato,69,Pass,04.18.19,
Uber,85,Fail,04.15.19,Code
Zomato,108,Pass,07.13.19,
Zomato,169,Pass,08.09.19,
Uber,143,Fail,06.23.19,Req
Zomato,93,Pass,07.01.19,
Facebook,81,Fail,07.12.19,Data
UberEats,158,Pass,04.08.19,
Facebook,75,Fail,04.15.19,Req
Facebook,24,Fail,04.24.19,Req
Hotstar,82,Pass,06.02.19,
Zomato,98,Pass,09.27.19,
TechCrunch,31,Fail,06.17.19,Env
Netflix,32,Pass,09.28.19,
Zomato,114,Fail,07.06.19,Env
UberEats,92,Fail,06.13.19,Code
UberEats,41,Pass,09.13.19,
Hotstar,59,Pass,05.04.19,
Instagram,151,Pass,06.23.19,
Netflix,52,Pass,09.04.19,
Uber,144,Fail,09.23.19,Data
ACM,85,Pass,09.18.19,
Zomato,171,Fail,05.26.19,Req
ACM,4,Fail,07.21.19,Data
Uber,138,Pass,08.23.19,
Uber,9,Fail,06.25.19,Req
Netflix,181,Pass,07.05.19,
TechCrunch,132,Fail,08.01.19,Data
Uber,47,Fail,09.13.19,Env
Hotstar,173,Fail,04.16.19,Env
UberEats,94,Pass,05.25.19,
Zomato,174,Fail,08.18.19,Data
UberEats,107,Fail,04.08.19,Code
Uber,55,Pass,08.11.19,
TechCrunch,130,Pass,07.31.19,
Facebook,183,Fail,05.23.19,Req
Uber,150,Pass,07.22.19,
Netflix,168,Fail,05.21.19,Code
Uber,5,Pass,05.08.19,
Uber,59,Pass,07.11.19,
Facebook,185,Pass,06.13.19,
Netflix,21,Fail,05.27.19,Env
UberEats,100,Pass,08.02.19,
UberEats,190,Fail,08.11.19,Code
Facebook,115,Fail,04.08.19,Env
Uber,192,Pass,05.13.19,
UberEats,103,Pass,08.05.19,
Guardian,87,Pass,04.24.19,
TechCrunch,96,Fail,08.04.19,Code
UberEats,127,Fail,05.13.19,Code
Facebook,184,Pass,06.25.19,
Hotstar,157,Fail,04.18.19,Code
Instagram,176,Fail,05.02.19,Data
Instagram,49,Fail,08.15.19,Data
Guardian,36,Pass,07.16.19,
UberEats,48,Fail,08.22.19,Data
Instagram,106,Pass,04.28.19,
Hotstar,167,Pass,05.21.19,
Netflix,192,Fail,05.24.19,Env
Instagram,27,Pass,05.05.19,
Zomato,164,Pass,09.05.19,
Zomato,175,Pass,09.12.19,
Netflix,93,Fail,08.24.19,Env
Uber,116,Pass,09.11.19,
Guardian,112,Fail,06.30.19,Env
Hotstar,11,Pass,08.14.19,
Facebook,141,Pass,05.15.19,
ACM,16,Pass,04.27.19,
Hotstar,143,Pass,08.01.19,
Hotstar,182,Fail,07.05.19,Code
Facebook,117,Fail,09.22.19,Data
Guardian,195,Fail,09.10.19,Data
UberEats,163,Pass,08.13.19,
TechCrunch,127,Fail,09.01.19,Code
Facebook,103,Fail,07.20.19,Data
Uber,48,Fail,06.17.19,Env
Guardian,8,Pass,07.29.19,
Guardian,139,Pass,07.05.19,
Uber,29,Pass,07.06.19,
ACM,182,Fail,07.16.19,Req
UberEats,33,Fail,09.23.19,Code
UberEats,93,Pass,07.24.19,
Guardian,138,Pass,06.23.19,
Zomato,174,Fail,04.04.19,Code
TechCrunch,71,Pass,07.10.19,
Uber,41,Pass,04.03.19,
Uber,178,Fail,06.05.19,Data
Netflix,168,Fail,09.18.19,Code
